timestamp,topic,valor
2025-11-18 13:45:16,lan/sala1/sensor/temp,23.26
2025-11-18 13:45:16,lan/sala1/sensor/hum,47.81
2025-11-18 13:45:16,lan/sala2/sensor/temp,22.78
2025-11-18 13:45:18,lan/sala1/sensor/hum,52.07
2025-11-18 13:45:18,lan/sala1/sensor/temp,27.87
2025-11-18 13:45:18,lan/sala2/sensor/temp,24.2
2025-11-18 13:45:20,lan/sala1/sensor/hum,59.55
2025-11-18 13:45:20,lan/sala1/sensor/temp,20.07
2025-11-18 13:45:20,lan/sala2/sensor/temp,15.51
2025-11-18 13:45:22,lan/sala1/sensor/temp,27.96
2025-11-18 13:45:22,lan/sala2/sensor/temp,22.23
2025-11-18 13:45:22,lan/sala1/sensor/hum,45.07
2025-11-18 13:45:24,lan/sala2/sensor/temp,17.25
2025-11-18 13:45:24,lan/sala1/sensor/temp,27.52
2025-11-18 13:45:24,lan/sala1/sensor/hum,63.5
2025-11-18 13:45:26,lan/sala1/sensor/hum,67.23
2025-11-18 13:45:26,lan/sala2/sensor/temp,23.64
2025-11-18 13:45:26,lan/sala1/sensor/temp,22.86
2025-11-18 13:45:28,lan/sala1/sensor/hum,46.09
2025-11-18 13:45:28,lan/sala2/sensor/temp,23.05
2025-11-18 13:45:28,lan/sala1/sensor/temp,24.04
2025-11-18 13:45:30,lan/sala1/sensor/hum,62.57
2025-11-18 13:45:30,lan/sala2/sensor/temp,15.1
2025-11-18 13:45:30,lan/sala1/sensor/temp,29.32
2025-11-18 13:45:32,lan/sala1/sensor/hum,63.76
2025-11-18 13:45:32,lan/sala2/sensor/temp,23.73
2025-11-18 13:45:32,lan/sala1/sensor/temp,20.62
2025-11-18 13:45:34,lan/sala1/sensor/hum,40.53
2025-11-18 13:45:34,lan/sala2/sensor/temp,15.56
2025-11-18 13:45:34,lan/sala1/sensor/temp,25.85
2025-11-18 13:45:36,lan/sala1/sensor/hum,45.65
2025-11-18 13:45:36,lan/sala2/sensor/temp,19.76
2025-11-18 13:45:36,lan/sala1/sensor/temp,20.52
2025-11-18 13:45:38,lan/sala2/sensor/temp,19.82
2025-11-18 13:45:38,lan/sala1/sensor/hum,53.43
2025-11-18 13:45:38,lan/sala1/sensor/temp,27.41
2025-11-18 13:45:40,lan/sala1/sensor/hum,60.76
2025-11-18 13:45:40,lan/sala2/sensor/temp,16.22
2025-11-18 13:45:40,lan/sala1/sensor/temp,24.98
2025-11-18 13:45:42,lan/sala1/sensor/hum,67.82
2025-11-18 13:45:42,lan/sala2/sensor/temp,22.4
2025-11-18 13:45:42,lan/sala1/sensor/temp,20.31
2025-11-18 13:45:44,lan/sala1/sensor/hum,56.87
2025-11-18 13:45:44,lan/sala2/sensor/temp,24.53
2025-11-18 13:45:44,lan/sala1/sensor/temp,25.38
2025-11-18 13:45:46,lan/sala1/sensor/hum,67.94
2025-11-18 13:45:46,lan/sala2/sensor/temp,21.44
2025-11-18 13:45:46,lan/sala1/sensor/temp,26.66
2025-11-18 13:45:48,lan/sala1/sensor/hum,42.75
2025-11-18 13:45:48,lan/sala2/sensor/temp,22.67
2025-11-18 13:45:48,lan/sala1/sensor/temp,28.59
2025-11-18 13:45:50,lan/sala1/sensor/hum,58.18
2025-11-18 13:45:50,lan/sala2/sensor/temp,21.45
2025-11-18 13:45:50,lan/sala1/sensor/temp,20.36
2025-11-18 13:45:52,lan/sala1/sensor/hum,56.56
2025-11-18 13:45:52,lan/sala2/sensor/temp,22.74
2025-11-18 13:45:52,lan/sala1/sensor/temp,24.0
2025-11-18 13:45:54,lan/sala1/sensor/hum,60.68
2025-11-18 13:45:54,lan/sala2/sensor/temp,19.26
2025-11-18 13:45:54,lan/sala1/sensor/temp,25.23
2025-11-18 13:45:56,lan/sala1/sensor/hum,49.47
2025-11-18 13:45:56,lan/sala2/sensor/temp,16.0
2025-11-18 13:45:56,lan/sala1/sensor/temp,23.21
2025-11-18 13:45:58,lan/sala1/sensor/hum,63.82
2025-11-18 13:45:58,lan/sala2/sensor/temp,16.58
2025-11-18 13:45:58,lan/sala1/sensor/temp,29.15
2025-11-18 13:46:00,lan/sala1/sensor/hum,51.65
2025-11-18 13:46:00,lan/sala2/sensor/temp,23.06
2025-11-18 13:46:00,lan/sala1/sensor/temp,24.47
2025-11-18 13:46:02,lan/sala1/sensor/hum,58.96
2025-11-18 13:46:02,lan/sala2/sensor/temp,16.21
2025-11-18 13:46:02,lan/sala1/sensor/temp,20.33
2025-11-18 13:46:04,lan/sala1/sensor/hum,54.09
2025-11-18 13:46:04,lan/sala2/sensor/temp,21.22
2025-11-18 13:46:04,lan/sala1/sensor/temp,29.53
2025-11-18 13:46:06,lan/sala1/sensor/hum,54.26
2025-11-18 13:46:06,lan/sala2/sensor/temp,17.59
2025-11-18 13:46:06,lan/sala1/sensor/temp,28.82
2025-11-18 13:46:08,lan/sala1/sensor/hum,57.81
2025-11-18 13:46:08,lan/sala2/sensor/temp,21.18
2025-11-18 13:46:08,lan/sala1/sensor/temp,29.88
2025-11-18 13:46:10,lan/sala1/sensor/hum,40.33
2025-11-18 13:46:10,lan/sala2/sensor/temp,17.88
2025-11-18 13:46:10,lan/sala1/sensor/temp,24.23
2025-11-18 13:46:12,lan/sala1/sensor/hum,46.97
2025-11-18 13:46:12,lan/sala2/sensor/temp,23.62
2025-11-18 13:46:12,lan/sala1/sensor/temp,22.6
2025-11-18 13:46:14,lan/sala1/sensor/hum,54.87
2025-11-18 13:46:14,lan/sala2/sensor/temp,24.84
2025-11-18 13:46:14,lan/sala1/sensor/temp,25.86
2025-11-18 13:46:16,lan/sala1/sensor/hum,57.0
2025-11-18 13:46:16,lan/sala2/sensor/temp,17.47
2025-11-18 13:46:16,lan/sala1/sensor/temp,24.62
2025-11-18 13:46:18,lan/sala1/sensor/hum,50.79
2025-11-18 13:46:18,lan/sala2/sensor/temp,17.01
2025-11-18 13:46:18,lan/sala1/sensor/temp,24.98
2025-11-18 13:46:20,lan/sala1/sensor/hum,53.06
2025-11-18 13:46:20,lan/sala2/sensor/temp,22.12
2025-11-18 13:46:20,lan/sala1/sensor/temp,22.71
2025-11-18 13:46:22,lan/sala1/sensor/hum,48.21
2025-11-18 13:46:22,lan/sala2/sensor/temp,18.62
2025-11-18 13:46:22,lan/sala1/sensor/temp,27.97
2025-11-18 13:46:24,lan/sala1/sensor/hum,42.78
2025-11-18 13:46:24,lan/sala2/sensor/temp,15.99
2025-11-18 13:46:24,lan/sala1/sensor/temp,29.06
2025-11-18 13:46:26,lan/sala1/sensor/hum,69.75
2025-11-18 13:46:26,lan/sala2/sensor/temp,17.48
2025-11-18 13:46:26,lan/sala1/sensor/temp,20.65
2025-11-18 13:46:28,lan/sala1/sensor/hum,67.71
2025-11-18 13:46:28,lan/sala2/sensor/temp,20.02
2025-11-18 13:46:28,lan/sala1/sensor/temp,20.92
2025-11-18 13:46:30,lan/sala1/sensor/hum,56.33
2025-11-18 13:46:30,lan/sala2/sensor/temp,19.9
2025-11-18 13:46:30,lan/sala1/sensor/temp,27.32
2025-11-18 13:46:32,lan/sala1/sensor/hum,65.28
2025-11-18 13:46:32,lan/sala2/sensor/temp,18.34
2025-11-18 13:46:32,lan/sala1/sensor/temp,23.55
2025-11-18 13:46:34,lan/sala1/sensor/hum,69.36
2025-11-18 13:46:34,lan/sala2/sensor/temp,23.81
2025-11-18 13:46:34,lan/sala1/sensor/temp,26.97
2025-11-18 13:46:36,lan/sala1/sensor/hum,63.1
2025-11-18 13:46:36,lan/sala2/sensor/temp,23.85
2025-11-18 13:46:36,lan/sala1/sensor/temp,25.51
2025-11-18 13:46:38,lan/sala1/sensor/hum,53.89
2025-11-18 13:46:38,lan/sala2/sensor/temp,20.43
2025-11-18 13:46:38,lan/sala1/sensor/temp,27.38
2025-11-18 13:46:40,lan/sala1/sensor/hum,62.86
2025-11-18 13:46:40,lan/sala2/sensor/temp,23.49
2025-11-18 13:46:40,lan/sala1/sensor/temp,22.88
2025-11-18 13:46:42,lan/sala1/sensor/hum,68.82
2025-11-18 13:46:42,lan/sala2/sensor/temp,15.42
2025-11-18 13:46:42,lan/sala1/sensor/temp,25.52
2025-11-18 13:46:44,lan/sala1/sensor/hum,51.02
2025-11-18 13:46:44,lan/sala2/sensor/temp,23.37
2025-11-18 13:46:45,lan/sala1/sensor/temp,28.78
2025-11-18 13:46:46,lan/sala1/sensor/hum,66.96
2025-11-18 13:46:46,lan/sala2/sensor/temp,21.61
2025-11-18 13:46:47,lan/sala1/sensor/temp,28.19
2025-11-18 13:46:48,lan/sala1/sensor/hum,43.3
2025-11-18 13:46:48,lan/sala2/sensor/temp,23.93
2025-11-18 13:46:49,lan/sala1/sensor/temp,23.79
2025-11-18 13:46:50,lan/sala1/sensor/hum,46.91
2025-11-18 13:46:50,lan/sala2/sensor/temp,15.76
2025-11-18 13:46:51,lan/sala1/sensor/temp,26.15
2025-11-18 13:46:52,lan/sala1/sensor/hum,59.14
2025-11-18 13:46:52,lan/sala2/sensor/temp,15.45
2025-11-18 13:46:53,lan/sala1/sensor/temp,26.36
2025-11-18 13:46:54,lan/sala1/sensor/hum,52.71
2025-11-18 13:46:54,lan/sala2/sensor/temp,22.41
2025-11-18 13:46:55,lan/sala1/sensor/temp,22.82
2025-11-18 13:46:56,lan/sala1/sensor/hum,41.8
2025-11-18 13:46:56,lan/sala2/sensor/temp,18.18
2025-11-18 13:46:57,lan/sala1/sensor/temp,24.71
2025-11-18 13:46:58,lan/sala1/sensor/hum,41.47
2025-11-18 13:46:58,lan/sala2/sensor/temp,18.57
2025-11-18 13:46:59,lan/sala1/sensor/temp,27.5
2025-11-18 13:47:00,lan/sala1/sensor/hum,65.74
2025-11-18 13:47:00,lan/sala2/sensor/temp,19.57
2025-11-18 13:47:01,lan/sala1/sensor/temp,24.33
2025-11-18 13:47:02,lan/sala1/sensor/hum,63.29
2025-11-18 13:47:02,lan/sala2/sensor/temp,21.63
2025-11-18 13:47:03,lan/sala1/sensor/temp,23.84
2025-11-18 13:47:04,lan/sala1/sensor/hum,57.53
2025-11-18 13:47:04,lan/sala2/sensor/temp,16.28
2025-11-18 13:47:05,lan/sala1/sensor/temp,27.52
2025-11-18 13:47:06,lan/sala1/sensor/hum,50.96
2025-11-18 13:47:06,lan/sala2/sensor/temp,20.73
2025-11-18 13:47:07,lan/sala1/sensor/temp,29.92
2025-11-18 13:47:08,lan/sala1/sensor/hum,67.86
2025-11-18 13:47:08,lan/sala2/sensor/temp,19.08
2025-11-18 13:47:09,lan/sala1/sensor/temp,27.1
2025-11-18 13:47:10,lan/sala1/sensor/hum,63.45
2025-11-18 13:47:10,lan/sala2/sensor/temp,21.83
2025-11-18 13:47:11,lan/sala1/sensor/temp,23.07
2025-11-18 13:47:12,lan/sala1/sensor/hum,58.31
2025-11-18 13:47:12,lan/sala2/sensor/temp,19.76
2025-11-18 13:47:13,lan/sala1/sensor/temp,26.53
2025-11-18 13:47:14,lan/sala1/sensor/hum,59.19
2025-11-18 13:47:14,lan/sala2/sensor/temp,15.87
2025-11-18 13:47:15,lan/sala1/sensor/temp,23.9
2025-11-18 13:47:16,lan/sala1/sensor/hum,46.94
2025-11-18 13:47:16,lan/sala2/sensor/temp,20.1
2025-11-18 13:47:17,lan/sala1/sensor/temp,27.03
2025-11-18 13:47:18,lan/sala1/sensor/hum,41.55
2025-11-18 13:47:18,lan/sala2/sensor/temp,18.46
2025-11-18 13:47:19,lan/sala1/sensor/temp,21.88
2025-11-18 13:47:20,lan/sala1/sensor/hum,53.3
2025-11-18 13:47:20,lan/sala2/sensor/temp,18.72
2025-11-18 13:47:21,lan/sala1/sensor/temp,26.41
2025-11-18 13:47:22,lan/sala1/sensor/hum,54.04
2025-11-18 13:47:22,lan/sala2/sensor/temp,21.8
2025-11-18 13:47:23,lan/sala1/sensor/temp,24.43
2025-11-18 13:47:24,lan/sala1/sensor/hum,48.68
2025-11-18 13:47:24,lan/sala2/sensor/temp,24.01
2025-11-18 13:47:25,lan/sala1/sensor/temp,22.23
2025-11-18 13:47:26,lan/sala1/sensor/hum,46.65
2025-11-18 13:47:26,lan/sala2/sensor/temp,18.96
2025-11-18 13:47:27,lan/sala1/sensor/temp,29.91
2025-11-18 13:47:28,lan/sala1/sensor/hum,65.62
2025-11-18 13:47:28,lan/sala2/sensor/temp,16.5
2025-11-18 13:47:29,lan/sala1/sensor/temp,23.54
2025-11-18 13:47:30,lan/sala1/sensor/hum,67.94
2025-11-18 13:47:30,lan/sala2/sensor/temp,16.82
2025-11-18 13:47:31,lan/sala1/sensor/temp,22.12
2025-11-18 13:47:32,lan/sala1/sensor/hum,59.98
2025-11-18 13:47:32,lan/sala2/sensor/temp,21.44
2025-11-18 13:47:33,lan/sala1/sensor/temp,29.52
2025-11-18 13:47:34,lan/sala1/sensor/hum,57.77
2025-11-18 13:47:34,lan/sala2/sensor/temp,19.69
2025-11-18 13:47:35,lan/sala1/sensor/temp,24.29
2025-11-18 13:47:36,lan/sala1/sensor/hum,48.57
2025-11-18 13:47:36,lan/sala2/sensor/temp,20.76
2025-11-18 13:47:37,lan/sala1/sensor/temp,26.1
2025-11-18 13:47:38,lan/sala1/sensor/hum,67.85
2025-11-18 13:47:38,lan/sala2/sensor/temp,16.9
2025-11-18 13:47:39,lan/sala1/sensor/temp,21.56
2025-11-18 13:47:40,lan/sala1/sensor/hum,42.79
2025-11-18 13:47:41,lan/sala2/sensor/temp,16.55
2025-11-18 13:47:41,lan/sala1/sensor/temp,20.49
2025-11-18 13:47:42,lan/sala1/sensor/hum,64.81
2025-11-18 13:47:43,lan/sala2/sensor/temp,23.55
2025-11-18 13:47:43,lan/sala1/sensor/temp,24.84
2025-11-18 13:47:44,lan/sala1/sensor/hum,50.19
2025-11-18 13:47:45,lan/sala2/sensor/temp,20.84
2025-11-18 13:47:45,lan/sala1/sensor/temp,26.97
2025-11-18 13:47:46,lan/sala1/sensor/hum,54.34
2025-11-18 13:47:47,lan/sala2/sensor/temp,16.8
2025-11-18 13:47:47,lan/sala1/sensor/temp,26.06
2025-11-18 13:47:48,lan/sala1/sensor/hum,64.53
2025-11-18 13:47:49,lan/sala2/sensor/temp,16.06
2025-11-18 13:47:49,lan/sala1/sensor/temp,23.3
2025-11-18 13:47:50,lan/sala1/sensor/hum,52.95
2025-11-18 13:47:51,lan/sala2/sensor/temp,18.94
2025-11-18 13:47:51,lan/sala1/sensor/temp,27.14
2025-11-18 13:47:52,lan/sala1/sensor/hum,65.42
2025-11-18 13:47:53,lan/sala1/sensor/temp,21.62
2025-11-18 13:47:53,lan/sala2/sensor/temp,21.76
2025-11-18 13:47:54,lan/sala1/sensor/hum,42.93
2025-11-18 13:47:55,lan/sala2/sensor/temp,20.0
2025-11-18 13:47:55,lan/sala1/sensor/temp,20.75
2025-11-18 13:47:56,lan/sala1/sensor/hum,66.06
2025-11-18 13:47:57,lan/sala2/sensor/temp,17.87
2025-11-18 13:47:57,lan/sala1/sensor/temp,27.03
2025-11-18 13:47:58,lan/sala1/sensor/hum,53.46
2025-11-18 13:47:59,lan/sala2/sensor/temp,22.85
2025-11-18 13:47:59,lan/sala1/sensor/temp,27.57
2025-11-18 13:48:01,lan/sala1/sensor/hum,55.07
2025-11-18 13:48:01,lan/sala1/sensor/temp,22.86
2025-11-18 13:48:01,lan/sala2/sensor/temp,18.5
2025-11-18 13:48:02,lan/sala1/sensor/hum,65.64
2025-11-18 13:48:03,lan/sala2/sensor/temp,16.69
2025-11-18 13:48:03,lan/sala1/sensor/temp,28.49
2025-11-18 13:48:04,lan/sala1/sensor/hum,59.91
2025-11-18 13:48:05,lan/sala2/sensor/temp,15.65
2025-11-18 13:48:05,lan/sala1/sensor/temp,29.02
2025-11-18 13:48:06,lan/sala1/sensor/hum,42.71
2025-11-18 13:48:07,lan/sala2/sensor/temp,15.97
2025-11-18 13:48:07,lan/sala1/sensor/temp,21.0
2025-11-18 13:48:09,lan/sala1/sensor/hum,64.86
2025-11-18 13:48:09,lan/sala2/sensor/temp,15.01
2025-11-18 13:48:09,lan/sala1/sensor/temp,27.78
2025-11-18 13:48:11,lan/sala1/sensor/hum,53.65
2025-11-18 13:48:11,lan/sala2/sensor/temp,17.88
2025-11-18 13:48:11,lan/sala1/sensor/temp,24.96
2025-11-18 13:48:13,lan/sala1/sensor/hum,54.26
2025-11-18 13:48:13,lan/sala2/sensor/temp,22.41
2025-11-18 13:48:13,lan/sala1/sensor/temp,20.25
2025-11-18 13:48:15,lan/sala1/sensor/hum,42.67
2025-11-18 13:48:15,lan/sala2/sensor/temp,18.99
2025-11-18 13:48:15,lan/sala1/sensor/temp,28.77
2025-11-18 13:48:17,lan/sala1/sensor/hum,64.39
2025-11-18 13:48:17,lan/sala2/sensor/temp,16.6
2025-11-18 13:48:17,lan/sala1/sensor/temp,22.19
2025-11-18 13:48:19,lan/sala1/sensor/hum,60.64
2025-11-18 13:48:19,lan/sala2/sensor/temp,24.84
2025-11-18 13:48:19,lan/sala1/sensor/temp,29.07
2025-11-18 13:48:21,lan/sala1/sensor/hum,56.99
2025-11-18 13:48:21,lan/sala1/sensor/temp,29.15
2025-11-18 13:48:21,lan/sala2/sensor/temp,19.68
2025-11-18 13:48:23,lan/sala1/sensor/hum,69.36
2025-11-18 13:48:23,lan/sala1/sensor/temp,22.86
2025-11-18 13:48:23,lan/sala2/sensor/temp,16.7
2025-11-18 13:48:25,lan/sala1/sensor/hum,49.71
2025-11-18 13:48:25,lan/sala1/sensor/temp,29.19
2025-11-18 13:48:25,lan/sala2/sensor/temp,18.01
2025-11-18 13:48:27,lan/sala1/sensor/hum,55.56
2025-11-18 13:48:27,lan/sala1/sensor/temp,23.53
2025-11-18 13:48:27,lan/sala2/sensor/temp,21.08
2025-11-18 13:48:29,lan/sala1/sensor/hum,61.57
2025-11-18 13:48:29,lan/sala1/sensor/temp,24.16
2025-11-18 13:48:29,lan/sala2/sensor/temp,20.74
2025-11-18 13:48:31,lan/sala1/sensor/hum,59.25
2025-11-18 13:48:31,lan/sala1/sensor/temp,20.57
2025-11-18 13:48:31,lan/sala2/sensor/temp,18.6
2025-11-18 13:48:33,lan/sala1/sensor/hum,65.26
2025-11-18 13:48:33,lan/sala1/sensor/temp,23.18
2025-11-18 13:48:33,lan/sala2/sensor/temp,20.69
2025-11-18 13:48:35,lan/sala1/sensor/hum,52.78
2025-11-18 13:48:35,lan/sala1/sensor/temp,25.48
2025-11-18 13:48:35,lan/sala2/sensor/temp,20.43
2025-11-18 13:48:37,lan/sala1/sensor/hum,51.18
2025-11-18 13:48:37,lan/sala1/sensor/temp,28.68
2025-11-18 13:48:37,lan/sala2/sensor/temp,17.53
2025-11-18 13:48:39,lan/sala1/sensor/hum,52.76
2025-11-18 13:48:39,lan/sala1/sensor/temp,29.78
2025-11-18 13:48:39,lan/sala2/sensor/temp,24.91
2025-11-18 13:48:41,lan/sala1/sensor/hum,69.71
2025-11-18 13:48:41,lan/sala1/sensor/temp,29.78
2025-11-18 13:48:41,lan/sala2/sensor/temp,20.19
2025-11-18 13:48:43,lan/sala1/sensor/hum,50.81
2025-11-18 13:48:43,lan/sala1/sensor/temp,28.41
2025-11-18 13:48:43,lan/sala2/sensor/temp,22.03
2025-11-18 13:48:45,lan/sala1/sensor/hum,64.96
2025-11-18 13:48:45,lan/sala1/sensor/temp,21.2
2025-11-18 13:48:45,lan/sala2/sensor/temp,17.89
2025-11-18 13:48:47,lan/sala1/sensor/hum,60.45
2025-11-18 13:48:47,lan/sala2/sensor/temp,20.96
2025-11-18 13:48:47,lan/sala1/sensor/temp,26.53
2025-11-18 13:48:49,lan/sala1/sensor/hum,61.33
2025-11-18 13:48:49,lan/sala1/sensor/temp,28.63
2025-11-18 13:48:49,lan/sala2/sensor/temp,23.31
2025-11-18 13:48:51,lan/sala1/sensor/hum,47.72
2025-11-18 13:48:51,lan/sala1/sensor/temp,26.84
2025-11-18 13:48:51,lan/sala2/sensor/temp,24.84
2025-11-18 13:48:53,lan/sala1/sensor/hum,48.88
2025-11-18 13:48:53,lan/sala1/sensor/temp,22.99
2025-11-18 13:48:53,lan/sala2/sensor/temp,19.42
2025-11-18 13:48:55,lan/sala1/sensor/hum,68.15
2025-11-18 13:48:55,lan/sala1/sensor/temp,20.21
2025-11-18 13:48:55,lan/sala2/sensor/temp,16.57
2025-11-18 13:48:57,lan/sala1/sensor/hum,61.51
2025-11-18 13:48:57,lan/sala2/sensor/temp,21.17
2025-11-18 13:48:57,lan/sala1/sensor/temp,25.46
2025-11-18 13:48:59,lan/sala1/sensor/hum,66.58
2025-11-18 13:48:59,lan/sala2/sensor/temp,16.23
2025-11-18 13:48:59,lan/sala1/sensor/temp,25.99
2025-11-18 13:49:01,lan/sala1/sensor/hum,49.75
2025-11-18 13:49:01,lan/sala2/sensor/temp,24.21
2025-11-18 13:49:01,lan/sala1/sensor/temp,23.22
2025-11-18 13:49:03,lan/sala1/sensor/hum,44.23
2025-11-18 13:49:03,lan/sala2/sensor/temp,20.22
2025-11-18 13:49:03,lan/sala1/sensor/temp,23.07
2025-11-18 13:49:05,lan/sala1/sensor/hum,58.4
2025-11-18 13:49:05,lan/sala2/sensor/temp,19.85
2025-11-18 13:49:05,lan/sala1/sensor/temp,29.45
2025-11-18 13:49:07,lan/sala1/sensor/hum,42.31
2025-11-18 13:49:07,lan/sala2/sensor/temp,24.2
2025-11-18 13:49:07,lan/sala1/sensor/temp,28.97
2025-11-18 13:49:09,lan/sala1/sensor/hum,61.51
2025-11-18 13:49:09,lan/sala2/sensor/temp,17.01
2025-11-18 13:49:09,lan/sala1/sensor/temp,25.07
2025-11-18 13:49:11,lan/sala1/sensor/hum,54.89
2025-11-18 13:49:11,lan/sala2/sensor/temp,24.3
2025-11-18 13:49:11,lan/sala1/sensor/temp,24.17
2025-11-18 13:49:13,lan/sala1/sensor/hum,50.49
2025-11-18 13:49:13,lan/sala2/sensor/temp,24.75
2025-11-18 13:49:13,lan/sala1/sensor/temp,20.67
2025-11-18 13:49:15,lan/sala1/sensor/hum,46.92
2025-11-18 13:49:15,lan/sala1/sensor/temp,25.25
2025-11-18 13:49:15,lan/sala2/sensor/temp,16.6
2025-11-18 13:49:17,lan/sala1/sensor/hum,62.27
2025-11-18 13:49:17,lan/sala1/sensor/temp,29.99
2025-11-18 13:49:17,lan/sala2/sensor/temp,20.3
2025-11-18 13:49:19,lan/sala1/sensor/hum,65.03
2025-11-18 13:49:19,lan/sala1/sensor/temp,27.87
2025-11-18 13:49:19,lan/sala2/sensor/temp,19.63
2025-11-18 13:49:21,lan/sala1/sensor/hum,40.67
2025-11-18 13:49:21,lan/sala1/sensor/temp,20.44
2025-11-18 13:49:21,lan/sala2/sensor/temp,20.66
2025-11-18 13:49:23,lan/sala1/sensor/hum,61.59
2025-11-18 13:49:23,lan/sala1/sensor/temp,20.44
2025-11-18 13:49:23,lan/sala2/sensor/temp,21.61
2025-11-18 13:49:25,lan/sala1/sensor/hum,69.69
2025-11-18 13:49:25,lan/sala1/sensor/temp,28.09
2025-11-18 13:49:25,lan/sala2/sensor/temp,16.77
2025-11-18 13:49:27,lan/sala1/sensor/hum,52.98
2025-11-18 13:49:27,lan/sala1/sensor/temp,20.79
2025-11-18 13:49:27,lan/sala2/sensor/temp,22.3
2025-11-18 13:49:29,lan/sala1/sensor/hum,52.26
2025-11-18 13:49:29,lan/sala1/sensor/temp,20.32
2025-11-18 13:49:29,lan/sala2/sensor/temp,21.59
2025-11-18 13:49:31,lan/sala1/sensor/hum,43.73
2025-11-18 13:49:31,lan/sala1/sensor/temp,26.07
2025-11-18 13:49:31,lan/sala2/sensor/temp,20.5
2025-11-18 13:49:33,lan/sala1/sensor/hum,49.45
2025-11-18 13:49:33,lan/sala1/sensor/temp,28.58
2025-11-18 13:49:33,lan/sala2/sensor/temp,22.83
2025-11-18 13:49:35,lan/sala1/sensor/hum,48.04
2025-11-18 13:49:35,lan/sala1/sensor/temp,20.94
2025-11-18 13:49:35,lan/sala2/sensor/temp,24.85
2025-11-18 13:49:37,lan/sala1/sensor/hum,53.95
2025-11-18 13:49:37,lan/sala1/sensor/temp,26.06
2025-11-18 13:49:37,lan/sala2/sensor/temp,20.15
2025-11-18 13:49:39,lan/sala1/sensor/hum,42.85
2025-11-18 13:49:39,lan/sala1/sensor/temp,22.37
2025-11-18 13:49:39,lan/sala2/sensor/temp,18.34
2025-11-18 13:49:41,lan/sala1/sensor/hum,57.76
2025-11-18 13:49:41,lan/sala1/sensor/temp,24.99
2025-11-18 13:49:41,lan/sala2/sensor/temp,15.95
2025-11-18 13:49:43,lan/sala1/sensor/hum,47.67
2025-11-18 13:49:43,lan/sala1/sensor/temp,27.85
2025-11-18 13:49:43,lan/sala2/sensor/temp,20.05
2025-11-18 13:49:45,lan/sala1/sensor/hum,48.44
2025-11-18 13:49:45,lan/sala1/sensor/temp,24.42
2025-11-18 13:49:45,lan/sala2/sensor/temp,24.56
2025-11-18 13:49:47,lan/sala1/sensor/hum,59.93
2025-11-18 13:49:47,lan/sala1/sensor/temp,22.03
2025-11-18 13:49:47,lan/sala2/sensor/temp,24.89
2025-11-18 13:49:49,lan/sala1/sensor/hum,51.72
2025-11-18 13:49:49,lan/sala1/sensor/temp,21.63
2025-11-18 13:49:49,lan/sala2/sensor/temp,15.81
2025-11-18 13:49:51,lan/sala1/sensor/hum,64.34
2025-11-18 13:49:51,lan/sala1/sensor/temp,23.44
2025-11-18 13:49:51,lan/sala2/sensor/temp,22.44
2025-11-18 13:49:53,lan/sala1/sensor/hum,69.98
2025-11-18 13:49:53,lan/sala1/sensor/temp,24.73
2025-11-18 13:49:53,lan/sala2/sensor/temp,21.38
2025-11-18 13:49:55,lan/sala1/sensor/hum,50.22
2025-11-18 13:49:55,lan/sala1/sensor/temp,23.28
2025-11-18 13:49:55,lan/sala2/sensor/temp,20.15
2025-11-18 13:49:57,lan/sala1/sensor/hum,67.19
2025-11-18 13:49:57,lan/sala2/sensor/temp,21.39
2025-11-18 13:49:59,lan/sala2/sensor/temp,24.06
2025-11-18 15:27:42,lan/sala1/sensor/hum,45.17
2025-11-18 15:27:44,lan/sala1/sensor/hum,40.44
2025-11-18 15:27:46,lan/sala1/sensor/hum,63.56
2025-11-18 15:27:48,lan/sala1/sensor/hum,52.5
2025-11-18 15:27:50,lan/sala1/sensor/hum,56.36
2025-11-18 15:27:52,lan/sala1/sensor/hum,52.97
2025-11-18 15:27:54,lan/sala1/sensor/hum,51.43
2025-11-18 15:28:26,lan/sala1/sensor/hum,57.39
2025-11-18 15:28:28,lan/sala1/sensor/hum,62.31
2025-11-18 15:28:30,lan/sala1/sensor/hum,47.5
2025-11-18 15:28:32,lan/sala1/sensor/hum,47.67
2025-11-18 15:28:34,lan/sala1/sensor/hum,44.26
2025-11-18 16:15:35,lan/sala2/sensor/temp,15.46
2025-11-18 16:15:35,lan/sala1/sensor/hum,45.33
2025-11-18 16:15:36,lan/sala1/sensor/temp,26.0
2025-11-18 16:15:37,lan/sala2/sensor/temp,23.53
2025-11-18 16:15:37,lan/sala1/sensor/hum,64.89
2025-11-18 16:15:38,lan/sala1/sensor/temp,24.9
2025-11-18 16:15:39,lan/sala2/sensor/temp,24.62
2025-11-18 16:15:39,lan/sala1/sensor/hum,53.13
2025-11-18 16:15:40,lan/sala1/sensor/temp,29.66
2025-11-18 16:15:41,lan/sala2/sensor/temp,15.36
2025-11-18 16:15:41,lan/sala1/sensor/hum,60.48
2025-11-18 16:15:42,lan/sala1/sensor/temp,26.98
2025-11-18 16:15:43,lan/sala2/sensor/temp,19.24
2025-11-18 16:15:43,lan/sala1/sensor/hum,60.05
2025-11-18 16:15:44,lan/sala1/sensor/temp,27.82
2025-11-18 16:15:45,lan/sala2/sensor/temp,19.54
2025-11-18 16:15:45,lan/sala1/sensor/hum,63.35
2025-11-18 16:15:46,lan/sala1/sensor/temp,29.15
2025-11-18 16:15:47,lan/sala2/sensor/temp,22.69
2025-11-18 16:15:47,lan/sala1/sensor/hum,62.78
2025-11-18 16:15:48,lan/sala1/sensor/temp,29.44
2025-11-18 16:15:49,lan/sala2/sensor/temp,24.99
2025-11-18 16:15:49,lan/sala1/sensor/hum,45.79
2025-11-18 16:15:50,lan/sala1/sensor/temp,29.86
2025-11-18 16:15:51,lan/sala2/sensor/temp,16.63
2025-11-18 16:15:51,lan/sala1/sensor/hum,46.55
2025-11-18 16:15:52,lan/sala1/sensor/temp,27.4
2025-11-18 16:15:53,lan/sala2/sensor/temp,22.03
2025-11-18 16:15:53,lan/sala1/sensor/hum,43.9
2025-11-18 16:15:54,lan/sala1/sensor/temp,24.98
2025-11-18 16:15:55,lan/sala2/sensor/temp,18.81
2025-11-18 16:15:55,lan/sala1/sensor/hum,55.36
2025-11-18 16:15:56,lan/sala1/sensor/temp,27.06
2025-11-18 16:15:57,lan/sala2/sensor/temp,17.87
2025-11-18 16:15:57,lan/sala1/sensor/hum,58.83
2025-11-18 16:15:58,lan/sala1/sensor/temp,24.53
2025-11-18 16:15:59,lan/sala2/sensor/temp,18.15
2025-11-18 16:15:59,lan/sala1/sensor/hum,64.81
2025-11-18 16:16:00,lan/sala1/sensor/temp,22.54
2025-11-18 16:16:01,lan/sala2/sensor/temp,21.7
2025-11-18 16:16:01,lan/sala1/sensor/hum,42.66
2025-11-18 16:16:02,lan/sala1/sensor/temp,23.92
2025-11-18 16:16:03,lan/sala2/sensor/temp,20.8
2025-11-18 16:16:03,lan/sala1/sensor/hum,41.6
2025-11-18 16:16:04,lan/sala1/sensor/temp,24.93
2025-11-18 16:16:05,lan/sala2/sensor/temp,19.0
2025-11-18 16:16:05,lan/sala1/sensor/hum,41.08
2025-11-18 16:16:06,lan/sala1/sensor/temp,21.37
2025-11-18 16:16:07,lan/sala2/sensor/temp,16.98
2025-11-18 16:16:07,lan/sala1/sensor/hum,62.99
2025-11-18 16:16:08,lan/sala1/sensor/temp,28.75
2025-11-18 16:16:09,lan/sala2/sensor/temp,16.93
2025-11-18 16:16:09,lan/sala1/sensor/hum,62.23
2025-11-18 16:16:10,lan/sala1/sensor/temp,23.02
2025-11-18 16:16:12,lan/sala2/sensor/temp,21.03
2025-11-18 16:16:12,lan/sala1/sensor/hum,50.43
2025-11-18 16:16:12,lan/sala1/sensor/temp,29.5
2025-11-18 16:16:13,lan/sala2/sensor/temp,20.98
2025-11-18 16:16:14,lan/sala1/sensor/hum,46.23
2025-11-18 16:16:14,lan/sala1/sensor/temp,20.52
2025-11-18 16:16:15,lan/sala1/sensor/hum,65.17
2025-11-18 16:16:15,lan/sala2/sensor/temp,16.46
2025-11-18 16:16:16,lan/sala1/sensor/temp,27.61
2025-11-18 16:16:18,lan/sala1/sensor/hum,43.84
2025-11-18 16:16:18,lan/sala2/sensor/temp,19.1
2025-11-18 16:16:18,lan/sala1/sensor/temp,29.98
2025-11-18 16:16:20,lan/sala1/sensor/hum,67.72
2025-11-18 16:16:20,lan/sala2/sensor/temp,18.68
2025-11-18 16:16:20,lan/sala1/sensor/temp,23.59
2025-11-18 16:16:22,lan/sala1/sensor/hum,57.84
2025-11-18 16:16:22,lan/sala2/sensor/temp,16.55
2025-11-18 16:16:22,lan/sala1/sensor/temp,22.02
2025-11-18 16:16:24,lan/sala1/sensor/hum,54.17
2025-11-18 16:16:24,lan/sala2/sensor/temp,17.88
2025-11-18 16:16:24,lan/sala1/sensor/temp,29.83
2025-11-18 16:16:26,lan/sala2/sensor/temp,21.6
2025-11-18 16:16:26,lan/sala1/sensor/hum,69.04
2025-11-18 16:16:26,lan/sala1/sensor/temp,22.65
2025-11-18 16:16:28,lan/sala2/sensor/temp,21.05
2025-11-18 16:16:28,lan/sala1/sensor/hum,44.38
2025-11-18 16:16:28,lan/sala1/sensor/temp,26.42
2025-11-18 16:16:30,lan/sala2/sensor/temp,19.56
2025-11-18 16:16:30,lan/sala1/sensor/hum,44.95
2025-11-18 16:16:30,lan/sala1/sensor/temp,27.45
2025-11-18 16:16:32,lan/sala2/sensor/temp,24.28
2025-11-18 16:16:32,lan/sala1/sensor/hum,61.95
2025-11-18 16:16:32,lan/sala1/sensor/temp,21.27
2025-11-18 16:16:34,lan/sala2/sensor/temp,20.89
2025-11-18 16:16:34,lan/sala1/sensor/hum,44.93
2025-11-18 16:16:34,lan/sala1/sensor/temp,25.73
2025-11-18 16:16:36,lan/sala2/sensor/temp,17.13
2025-11-18 16:16:36,lan/sala1/sensor/hum,55.5
2025-11-18 16:16:36,lan/sala1/sensor/temp,22.94
2025-11-18 16:16:38,lan/sala2/sensor/temp,18.06
2025-11-18 16:16:38,lan/sala1/sensor/hum,69.38
2025-11-18 16:16:38,lan/sala1/sensor/temp,25.91
2025-11-18 16:16:40,lan/sala1/sensor/hum,45.63
2025-11-18 16:16:40,lan/sala2/sensor/temp,22.21
2025-11-18 16:16:40,lan/sala1/sensor/temp,20.14
2025-11-18 16:16:42,lan/sala1/sensor/hum,60.6
2025-11-18 16:16:42,lan/sala2/sensor/temp,21.3
2025-11-18 16:16:42,lan/sala1/sensor/temp,27.45
2025-11-18 16:16:44,lan/sala1/sensor/hum,52.04
2025-11-18 16:16:44,lan/sala2/sensor/temp,16.24
2025-11-18 16:16:44,lan/sala1/sensor/temp,24.89
2025-11-18 16:16:46,lan/sala1/sensor/hum,40.61
2025-11-18 16:16:46,lan/sala2/sensor/temp,22.58
2025-11-18 16:16:46,lan/sala1/sensor/temp,23.35
2025-11-18 16:16:48,lan/sala1/sensor/hum,65.53
2025-11-18 16:16:48,lan/sala2/sensor/temp,19.11
2025-11-18 16:16:48,lan/sala1/sensor/temp,25.29
2025-11-18 16:16:50,lan/sala1/sensor/hum,48.92
2025-11-18 16:16:50,lan/sala2/sensor/temp,23.25
2025-11-18 16:16:50,lan/sala1/sensor/temp,28.5
2025-11-18 16:16:52,lan/sala1/sensor/hum,68.19
2025-11-18 16:16:52,lan/sala2/sensor/temp,18.04
2025-11-18 16:16:52,lan/sala1/sensor/temp,24.06
2025-11-18 16:16:54,lan/sala1/sensor/hum,54.66
2025-11-18 16:16:54,lan/sala2/sensor/temp,22.46
2025-11-18 16:16:54,lan/sala1/sensor/temp,23.67
2025-11-18 16:16:56,lan/sala1/sensor/hum,43.99
2025-11-18 16:16:56,lan/sala2/sensor/temp,24.34
2025-11-18 16:16:56,lan/sala1/sensor/temp,26.19
2025-11-18 16:16:58,lan/sala1/sensor/hum,40.71
2025-11-18 16:16:58,lan/sala2/sensor/temp,20.87
2025-11-18 16:16:58,lan/sala1/sensor/temp,20.36
2025-11-18 16:17:00,lan/sala1/sensor/hum,43.9
2025-11-18 16:17:00,lan/sala2/sensor/temp,20.84
2025-11-18 16:17:00,lan/sala1/sensor/temp,25.48
2025-11-18 16:17:02,lan/sala1/sensor/hum,64.47
2025-11-18 16:17:02,lan/sala2/sensor/temp,23.3
2025-11-18 16:17:02,lan/sala1/sensor/temp,21.28
2025-11-18 16:17:04,lan/sala1/sensor/hum,47.53
2025-11-18 16:17:04,lan/sala2/sensor/temp,19.9
2025-11-18 16:17:04,lan/sala1/sensor/temp,21.49
2025-11-18 16:17:06,lan/sala1/sensor/hum,54.16
2025-11-18 16:17:06,lan/sala2/sensor/temp,23.39
2025-11-18 16:17:06,lan/sala1/sensor/temp,21.93
2025-11-18 16:17:08,lan/sala1/sensor/hum,56.88
2025-11-18 16:17:08,lan/sala2/sensor/temp,22.91
2025-11-18 16:17:08,lan/sala1/sensor/temp,26.36
2025-11-18 16:17:10,lan/sala1/sensor/hum,47.6
2025-11-18 16:17:10,lan/sala2/sensor/temp,19.36
2025-11-18 16:17:10,lan/sala1/sensor/temp,21.46
2025-11-18 16:17:12,lan/sala1/sensor/hum,45.52
2025-11-18 16:17:12,lan/sala2/sensor/temp,23.34
2025-11-18 16:17:12,lan/sala1/sensor/temp,21.73
2025-11-18 16:17:14,lan/sala1/sensor/hum,62.27
2025-11-18 16:17:14,lan/sala2/sensor/temp,22.94
2025-11-18 16:17:14,lan/sala1/sensor/temp,25.52
2025-11-18 16:17:16,lan/sala1/sensor/hum,69.31
2025-11-18 16:17:16,lan/sala2/sensor/temp,16.81
2025-11-18 16:17:16,lan/sala1/sensor/temp,29.97
2025-11-18 16:17:18,lan/sala1/sensor/hum,64.7
2025-11-18 16:17:18,lan/sala2/sensor/temp,15.94
2025-11-18 16:17:18,lan/sala1/sensor/temp,27.01
2025-11-18 16:17:20,lan/sala2/sensor/temp,16.61
2025-11-18 16:17:20,lan/sala1/sensor/hum,50.07
2025-11-18 16:17:20,lan/sala1/sensor/temp,28.12
2025-11-18 16:17:22,lan/sala1/sensor/hum,48.59
2025-11-18 16:17:22,lan/sala2/sensor/temp,23.24
2025-11-18 16:17:22,lan/sala1/sensor/temp,27.85
2025-11-18 16:17:24,lan/sala2/sensor/temp,22.34
2025-11-18 16:17:24,lan/sala1/sensor/hum,62.4
2025-11-18 16:17:24,lan/sala1/sensor/temp,28.93
2025-11-18 16:17:26,lan/sala1/sensor/hum,49.4
2025-11-18 16:17:26,lan/sala2/sensor/temp,22.44
2025-11-18 16:17:26,lan/sala1/sensor/temp,22.43
2025-11-18 16:17:28,lan/sala1/sensor/hum,64.17
2025-11-18 16:17:28,lan/sala2/sensor/temp,19.28
2025-11-18 16:17:28,lan/sala1/sensor/temp,26.17
2025-11-18 16:17:30,lan/sala1/sensor/hum,46.88
2025-11-18 16:17:30,lan/sala2/sensor/temp,18.46
2025-11-18 16:17:30,lan/sala1/sensor/temp,25.41
2025-11-18 16:17:32,lan/sala2/sensor/temp,19.02
2025-11-18 16:17:32,lan/sala1/sensor/hum,41.37
2025-11-18 16:17:32,lan/sala1/sensor/temp,20.42
2025-11-18 16:17:34,lan/sala2/sensor/temp,20.23
2025-11-18 16:17:34,lan/sala1/sensor/hum,48.91
2025-11-18 16:17:34,lan/sala1/sensor/temp,29.22
2025-11-18 16:17:36,lan/sala2/sensor/temp,24.64
2025-11-18 16:17:36,lan/sala1/sensor/hum,65.14
2025-11-18 16:17:36,lan/sala1/sensor/temp,22.41
2025-11-18 16:17:38,lan/sala1/sensor/hum,59.99
2025-11-18 16:17:38,lan/sala1/sensor/temp,24.25
2025-11-18 16:17:38,lan/sala2/sensor/temp,24.17
2025-11-18 16:17:40,lan/sala2/sensor/temp,15.55
2025-11-18 16:17:40,lan/sala1/sensor/hum,41.03
2025-11-18 16:17:40,lan/sala1/sensor/temp,25.29
2025-11-18 16:17:42,lan/sala1/sensor/temp,25.51
2025-11-18 16:17:42,lan/sala2/sensor/temp,22.48
2025-11-18 16:17:42,lan/sala1/sensor/hum,49.88
2025-11-18 16:17:44,lan/sala1/sensor/temp,20.08
2025-11-18 16:17:44,lan/sala2/sensor/temp,23.81
2025-11-18 16:17:44,lan/sala1/sensor/hum,45.21
2025-11-18 16:17:46,lan/sala1/sensor/temp,24.28
2025-11-18 16:17:46,lan/sala2/sensor/temp,22.19
2025-11-18 16:17:46,lan/sala1/sensor/hum,66.68
2025-11-18 16:17:48,lan/sala1/sensor/temp,20.62
2025-11-18 16:17:48,lan/sala1/sensor/hum,48.97
2025-11-18 16:17:48,lan/sala2/sensor/temp,19.12
2025-11-18 16:17:50,lan/sala1/sensor/temp,29.47
2025-11-18 16:17:50,lan/sala2/sensor/temp,24.41
2025-11-18 16:17:50,lan/sala1/sensor/hum,52.43
2025-11-18 16:17:52,lan/sala1/sensor/temp,29.79
2025-11-18 16:17:52,lan/sala2/sensor/temp,15.82
2025-11-18 16:17:52,lan/sala1/sensor/hum,52.54
2025-11-18 16:17:54,lan/sala1/sensor/temp,24.65
2025-11-18 16:17:54,lan/sala1/sensor/hum,53.23
2025-11-18 16:17:54,lan/sala2/sensor/temp,18.8
2025-11-18 16:17:56,lan/sala1/sensor/temp,23.81
2025-11-18 16:17:56,lan/sala1/sensor/hum,40.29
2025-11-18 16:17:56,lan/sala2/sensor/temp,22.2
2025-11-18 16:17:58,lan/sala1/sensor/temp,27.21
2025-11-18 16:17:58,lan/sala1/sensor/hum,58.15
2025-11-18 16:17:58,lan/sala2/sensor/temp,17.62
2025-11-18 16:18:00,lan/sala1/sensor/temp,27.94
2025-11-18 16:18:00,lan/sala1/sensor/hum,41.49
2025-11-18 16:18:00,lan/sala2/sensor/temp,19.95
2025-11-18 16:18:02,lan/sala1/sensor/temp,24.22
2025-11-18 16:18:02,lan/sala1/sensor/hum,52.67
2025-11-18 16:18:02,lan/sala2/sensor/temp,23.36
2025-11-18 16:18:04,lan/sala1/sensor/hum,53.57
2025-11-18 16:18:04,lan/sala1/sensor/temp,24.27
2025-11-18 16:18:04,lan/sala2/sensor/temp,17.01
2025-11-18 16:18:06,lan/sala1/sensor/hum,64.12
2025-11-18 16:18:06,lan/sala1/sensor/temp,23.48
2025-11-18 16:18:06,lan/sala2/sensor/temp,19.74
2025-11-18 16:18:08,lan/sala1/sensor/hum,41.42
2025-11-18 16:18:08,lan/sala1/sensor/temp,22.16
2025-11-18 16:18:08,lan/sala2/sensor/temp,15.54
2025-11-18 16:18:10,lan/sala1/sensor/hum,57.78
2025-11-18 16:18:10,lan/sala1/sensor/temp,20.35
2025-11-18 16:18:10,lan/sala2/sensor/temp,17.95
2025-11-18 16:18:12,lan/sala1/sensor/hum,63.61
2025-11-18 16:18:12,lan/sala1/sensor/temp,20.51
2025-11-18 16:18:12,lan/sala2/sensor/temp,18.23
2025-11-18 16:18:14,lan/sala1/sensor/hum,66.11
2025-11-18 16:18:14,lan/sala1/sensor/temp,24.81
2025-11-18 16:18:14,lan/sala2/sensor/temp,16.59
2025-11-18 16:18:16,lan/sala1/sensor/hum,41.21
2025-11-18 16:18:16,lan/sala1/sensor/temp,26.26
2025-11-18 16:18:16,lan/sala2/sensor/temp,18.14
2025-11-18 16:18:18,lan/sala1/sensor/hum,45.42
2025-11-18 16:18:18,lan/sala1/sensor/temp,20.63
2025-11-18 16:18:18,lan/sala2/sensor/temp,16.33
2025-11-18 16:18:20,lan/sala1/sensor/hum,62.91
2025-11-18 16:18:20,lan/sala1/sensor/temp,26.22
2025-11-18 16:18:20,lan/sala2/sensor/temp,16.17
2025-11-18 16:18:22,lan/sala1/sensor/hum,60.42
2025-11-18 16:18:22,lan/sala1/sensor/temp,24.37
2025-11-18 16:18:22,lan/sala2/sensor/temp,19.78
2025-11-18 16:18:24,lan/sala1/sensor/hum,44.04
2025-11-18 16:18:24,lan/sala1/sensor/temp,22.06
2025-11-18 16:18:24,lan/sala2/sensor/temp,22.0
2025-11-18 16:18:26,lan/sala1/sensor/hum,52.9
2025-11-18 16:18:26,lan/sala1/sensor/temp,26.68
2025-11-18 16:18:26,lan/sala2/sensor/temp,16.96
2025-11-18 16:18:28,lan/sala1/sensor/temp,22.69
2025-11-18 16:18:28,lan/sala2/sensor/temp,22.71
2025-11-18 16:18:28,lan/sala1/sensor/hum,56.01
2025-11-18 16:18:30,lan/sala1/sensor/hum,61.07
2025-11-18 16:18:30,lan/sala1/sensor/temp,22.85
2025-11-18 16:18:30,lan/sala2/sensor/temp,16.11
2025-11-18 16:18:32,lan/sala1/sensor/hum,66.24
2025-11-18 16:18:32,lan/sala1/sensor/temp,24.39
2025-11-18 16:18:32,lan/sala2/sensor/temp,23.23
2025-11-18 16:18:34,lan/sala1/sensor/hum,60.31
2025-11-18 16:18:34,lan/sala1/sensor/temp,22.34
2025-11-18 16:18:34,lan/sala2/sensor/temp,15.11
2025-11-18 16:18:36,lan/sala1/sensor/hum,52.13
2025-11-18 16:18:36,lan/sala1/sensor/temp,24.69
2025-11-18 16:18:36,lan/sala2/sensor/temp,21.56
2025-11-18 16:18:38,lan/sala1/sensor/hum,62.57
2025-11-18 16:18:38,lan/sala2/sensor/temp,21.84
2025-11-18 16:18:38,lan/sala1/sensor/temp,23.77
2025-11-18 16:18:40,lan/sala1/sensor/hum,49.53
2025-11-18 16:18:40,lan/sala1/sensor/temp,22.83
2025-11-18 16:18:40,lan/sala2/sensor/temp,19.5
2025-11-18 16:18:42,lan/sala1/sensor/hum,67.01
2025-11-18 16:18:42,lan/sala1/sensor/temp,29.26
2025-11-18 16:18:42,lan/sala2/sensor/temp,19.17
2025-11-18 16:18:44,lan/sala1/sensor/hum,40.56
2025-11-18 16:18:44,lan/sala1/sensor/temp,27.46
2025-11-18 16:18:44,lan/sala2/sensor/temp,15.79
2025-11-18 16:18:46,lan/sala1/sensor/hum,53.51
2025-11-18 16:18:46,lan/sala1/sensor/temp,22.17
2025-11-18 16:18:46,lan/sala2/sensor/temp,23.57
2025-11-18 16:18:48,lan/sala1/sensor/hum,67.72
2025-11-18 16:18:48,lan/sala2/sensor/temp,21.2
2025-11-18 16:18:48,lan/sala1/sensor/temp,24.25
2025-11-18 16:18:50,lan/sala1/sensor/hum,41.42
2025-11-18 16:18:50,lan/sala1/sensor/temp,29.62
2025-11-18 16:18:50,lan/sala2/sensor/temp,18.52
2025-11-18 16:18:52,lan/sala1/sensor/hum,61.05
2025-11-18 16:18:52,lan/sala2/sensor/temp,18.99
2025-11-18 16:18:52,lan/sala1/sensor/temp,29.99
2025-11-18 16:18:54,lan/sala1/sensor/hum,59.46
2025-11-18 16:18:54,lan/sala2/sensor/temp,21.6
2025-11-18 16:18:54,lan/sala1/sensor/temp,21.33
2025-11-18 16:18:56,lan/sala1/sensor/hum,63.65
2025-11-18 16:18:56,lan/sala2/sensor/temp,15.43
2025-11-18 16:18:56,lan/sala1/sensor/temp,20.86
2025-11-18 16:18:58,lan/sala1/sensor/hum,67.49
2025-11-18 16:18:58,lan/sala1/sensor/temp,24.26
2025-11-18 16:18:58,lan/sala2/sensor/temp,15.13
2025-11-18 16:19:00,lan/sala1/sensor/hum,50.84
2025-11-18 16:19:00,lan/sala2/sensor/temp,15.84
2025-11-18 16:19:00,lan/sala1/sensor/temp,28.57
2025-11-18 16:19:02,lan/sala1/sensor/hum,41.41
2025-11-18 16:19:02,lan/sala2/sensor/temp,22.67
2025-11-18 16:19:02,lan/sala1/sensor/temp,24.3
2025-11-18 16:19:04,lan/sala1/sensor/hum,68.62
2025-11-18 16:19:04,lan/sala2/sensor/temp,24.6
2025-11-18 16:19:04,lan/sala1/sensor/temp,21.69
2025-11-18 16:19:06,lan/sala1/sensor/hum,59.92
2025-11-18 16:19:06,lan/sala2/sensor/temp,20.99
2025-11-18 16:19:06,lan/sala1/sensor/temp,22.26
2025-11-18 16:19:08,lan/sala1/sensor/hum,43.34
2025-11-18 16:19:08,lan/sala2/sensor/temp,18.73
2025-11-18 16:19:08,lan/sala1/sensor/temp,24.25
2025-11-18 16:19:10,lan/sala1/sensor/hum,51.43
2025-11-18 16:19:10,lan/sala2/sensor/temp,22.23
2025-11-18 16:19:10,lan/sala1/sensor/temp,21.97
2025-11-18 16:19:12,lan/sala1/sensor/hum,57.54
2025-11-18 16:19:12,lan/sala2/sensor/temp,20.2
2025-11-18 16:19:12,lan/sala1/sensor/temp,26.0
2025-11-18 16:19:14,lan/sala1/sensor/hum,46.51
2025-11-18 16:19:14,lan/sala2/sensor/temp,23.24
2025-11-18 16:19:14,lan/sala1/sensor/temp,28.16
2025-11-18 16:19:16,lan/sala1/sensor/hum,62.7
2025-11-18 16:19:16,lan/sala2/sensor/temp,15.52
2025-11-18 16:19:16,lan/sala1/sensor/temp,21.02
2025-11-18 16:19:18,lan/sala1/sensor/hum,62.12
2025-11-18 16:19:18,lan/sala2/sensor/temp,17.85
2025-11-18 16:19:18,lan/sala1/sensor/temp,21.0
2025-11-18 16:19:20,lan/sala1/sensor/hum,46.61
2025-11-18 16:19:20,lan/sala2/sensor/temp,21.91
2025-11-18 16:19:20,lan/sala1/sensor/temp,25.87
2025-11-18 16:19:22,lan/sala1/sensor/hum,68.99
2025-11-18 16:19:22,lan/sala2/sensor/temp,18.69
2025-11-18 16:19:22,lan/sala1/sensor/temp,26.71
2025-11-18 16:19:24,lan/sala1/sensor/hum,46.55
2025-11-18 16:19:24,lan/sala2/sensor/temp,18.33
2025-11-18 16:19:24,lan/sala1/sensor/temp,22.53
2025-11-18 16:19:26,lan/sala1/sensor/hum,51.38
2025-11-18 16:19:26,lan/sala2/sensor/temp,21.16
2025-11-18 16:19:26,lan/sala1/sensor/temp,22.87
2025-11-18 16:19:28,lan/sala1/sensor/hum,49.26
2025-11-18 16:19:28,lan/sala2/sensor/temp,21.19
2025-11-18 16:19:28,lan/sala1/sensor/temp,28.43
2025-11-18 16:19:30,lan/sala1/sensor/hum,40.04
2025-11-18 16:19:30,lan/sala2/sensor/temp,16.69
2025-11-18 16:19:30,lan/sala1/sensor/temp,26.08
timestamp,topic,valor
2025-11-18 16:20:46,lan/sala1/sensor/hum,45.45
2025-11-18 16:20:46,lan/sala2/sensor/temp,22.87
2025-11-18 16:20:46,lan/sala1/sensor/temp,28.93
2025-11-18 16:20:48,lan/sala1/sensor/hum,61.67
2025-11-18 16:20:48,lan/sala1/sensor/temp,29.28
2025-11-18 16:20:48,lan/sala2/sensor/temp,15.53
2025-11-18 16:20:50,lan/sala1/sensor/hum,42.2
2025-11-18 16:20:50,lan/sala1/sensor/temp,24.46
2025-11-18 16:20:50,lan/sala2/sensor/temp,20.5
2025-11-18 16:20:52,lan/sala1/sensor/hum,58.98
2025-11-18 16:20:52,lan/sala2/sensor/temp,15.6
2025-11-18 16:20:52,lan/sala1/sensor/temp,23.19
2025-11-18 16:20:54,lan/sala1/sensor/hum,63.18
2025-11-18 16:20:54,lan/sala2/sensor/temp,22.94
2025-11-18 16:20:54,lan/sala1/sensor/temp,20.46
2025-11-18 16:20:56,lan/sala1/sensor/hum,44.42
2025-11-18 16:20:56,lan/sala2/sensor/temp,17.84
2025-11-18 16:20:56,lan/sala1/sensor/temp,22.03
2025-11-18 16:20:58,lan/sala1/sensor/hum,45.09
2025-11-18 16:20:58,lan/sala2/sensor/temp,22.3
2025-11-18 16:20:58,lan/sala1/sensor/temp,25.21
2025-11-18 16:21:00,lan/sala1/sensor/hum,47.36
2025-11-18 16:21:00,lan/sala1/sensor/temp,24.76
2025-11-18 16:21:00,lan/sala2/sensor/temp,21.44
2025-11-18 16:21:02,lan/sala1/sensor/hum,68.69
2025-11-18 16:21:02,lan/sala1/sensor/temp,22.23
2025-11-18 16:21:02,lan/sala2/sensor/temp,18.6
2025-11-18 16:21:04,lan/sala1/sensor/hum,53.29
2025-11-18 16:21:04,lan/sala1/sensor/temp,26.66
2025-11-18 16:21:04,lan/sala2/sensor/temp,15.25
2025-11-18 16:21:06,lan/sala1/sensor/hum,67.01
2025-11-18 16:21:06,lan/sala2/sensor/temp,18.53
2025-11-18 16:21:06,lan/sala1/sensor/temp,21.48
2025-11-18 16:21:08,lan/sala1/sensor/hum,50.05
2025-11-18 16:21:08,lan/sala2/sensor/temp,21.71
2025-11-18 16:21:08,lan/sala1/sensor/temp,27.21
2025-11-18 16:21:10,lan/sala1/sensor/hum,69.38
2025-11-18 16:21:10,lan/sala1/sensor/temp,29.67
2025-11-18 16:21:10,lan/sala2/sensor/temp,16.8
2025-11-18 16:21:12,lan/sala1/sensor/hum,43.05
2025-11-18 16:21:12,lan/sala1/sensor/temp,29.91
2025-11-18 16:21:12,lan/sala2/sensor/temp,20.36
2025-11-18 16:21:14,lan/sala1/sensor/hum,47.66
2025-11-18 16:21:14,lan/sala2/sensor/temp,23.51
2025-11-18 16:21:14,lan/sala1/sensor/temp,23.67
2025-11-18 16:21:16,lan/sala1/sensor/hum,56.48
2025-11-18 16:21:16,lan/sala1/sensor/temp,25.55
2025-11-18 16:21:16,lan/sala2/sensor/temp,23.58
2025-11-18 16:21:18,lan/sala1/sensor/hum,52.25
2025-11-18 16:21:18,lan/sala2/sensor/temp,24.38
2025-11-18 16:21:18,lan/sala1/sensor/temp,27.49
2025-11-18 16:21:20,lan/sala1/sensor/hum,43.33
2025-11-18 16:21:20,lan/sala2/sensor/temp,17.9
2025-11-18 16:21:20,lan/sala1/sensor/temp,21.82
2025-11-18 16:21:22,lan/sala1/sensor/hum,49.84
2025-11-18 16:21:22,lan/sala2/sensor/temp,22.84
2025-11-18 16:21:22,lan/sala1/sensor/temp,20.3
2025-11-18 16:21:24,lan/sala1/sensor/hum,59.81
2025-11-18 16:21:24,lan/sala2/sensor/temp,22.96
2025-11-18 16:21:24,lan/sala1/sensor/temp,25.02
2025-11-18 16:21:26,lan/sala1/sensor/hum,64.27
2025-11-18 16:21:26,lan/sala2/sensor/temp,20.12
2025-11-18 16:21:26,lan/sala1/sensor/temp,26.04
2025-11-18 16:21:28,lan/sala1/sensor/hum,42.82
2025-11-18 16:21:28,lan/sala2/sensor/temp,21.75
2025-11-18 16:21:28,lan/sala1/sensor/temp,20.11
2025-11-18 16:21:30,lan/sala1/sensor/hum,40.05
2025-11-18 16:21:31,lan/sala2/sensor/temp,21.81
2025-11-18 16:21:31,lan/sala1/sensor/temp,23.67
2025-11-18 16:21:32,lan/sala1/sensor/hum,49.4
2025-11-18 16:21:32,lan/sala2/sensor/temp,24.29
2025-11-18 16:21:32,lan/sala1/sensor/temp,22.38
2025-11-18 16:21:34,lan/sala1/sensor/hum,62.85
2025-11-18 16:21:34,lan/sala2/sensor/temp,21.3
2025-11-18 16:21:34,lan/sala1/sensor/temp,22.39
2025-11-18 16:21:36,lan/sala1/sensor/hum,65.9
2025-11-18 16:21:36,lan/sala2/sensor/temp,23.81
2025-11-18 16:21:36,lan/sala1/sensor/temp,27.26
2025-11-18 16:21:38,lan/sala1/sensor/hum,41.46
2025-11-18 16:21:38,lan/sala2/sensor/temp,15.64
2025-11-18 16:21:38,lan/sala1/sensor/temp,22.25
2025-11-18 16:21:40,lan/sala1/sensor/hum,40.05
2025-11-18 16:21:40,lan/sala2/sensor/temp,19.2
2025-11-18 16:21:40,lan/sala1/sensor/temp,22.11
2025-11-18 16:21:42,lan/sala1/sensor/hum,56.68
2025-11-18 16:21:42,lan/sala2/sensor/temp,19.64
2025-11-18 16:21:42,lan/sala1/sensor/temp,23.73
2025-11-18 16:21:44,lan/sala1/sensor/hum,54.34
2025-11-18 16:21:44,lan/sala2/sensor/temp,16.94
2025-11-18 16:21:44,lan/sala1/sensor/temp,26.21
2025-11-18 16:21:46,lan/sala1/sensor/hum,61.88
2025-11-18 16:21:46,lan/sala2/sensor/temp,15.9
2025-11-18 16:21:46,lan/sala1/sensor/temp,25.08
2025-11-18 16:21:49,lan/sala1/sensor/hum,54.43
2025-11-18 16:21:49,lan/sala2/sensor/temp,20.6
2025-11-18 16:21:49,lan/sala1/sensor/temp,20.48
2025-11-18 16:21:51,lan/sala1/sensor/hum,45.97
2025-11-18 16:21:51,lan/sala1/sensor/temp,24.33
2025-11-18 16:21:51,lan/sala2/sensor/temp,22.78
2025-11-18 16:21:53,lan/sala1/sensor/hum,67.97
2025-11-18 16:21:53,lan/sala1/sensor/temp,28.78
2025-11-18 16:21:53,lan/sala2/sensor/temp,16.73
2025-11-18 16:21:55,lan/sala1/sensor/hum,62.24
2025-11-18 16:21:55,lan/sala1/sensor/temp,21.79
2025-11-18 16:21:55,lan/sala2/sensor/temp,19.68
2025-11-18 16:21:57,lan/sala1/sensor/hum,48.29
2025-11-18 16:21:57,lan/sala1/sensor/temp,28.68
2025-11-18 16:21:57,lan/sala2/sensor/temp,19.78
2025-11-18 16:21:59,lan/sala1/sensor/temp,26.13
2025-11-18 16:21:59,lan/sala1/sensor/hum,65.8
2025-11-18 16:21:59,lan/sala2/sensor/temp,16.09
2025-11-18 16:22:01,lan/sala1/sensor/hum,64.82
2025-11-18 16:22:01,lan/sala2/sensor/temp,15.95
2025-11-18 16:22:01,lan/sala1/sensor/temp,24.3
2025-11-18 16:22:03,lan/sala1/sensor/temp,20.46
2025-11-18 16:22:03,lan/sala1/sensor/hum,63.76
2025-11-18 16:22:03,lan/sala2/sensor/temp,18.5
2025-11-18 16:22:05,lan/sala1/sensor/hum,47.64
2025-11-18 16:22:05,lan/sala1/sensor/temp,26.44
2025-11-18 16:22:05,lan/sala2/sensor/temp,21.41
2025-11-18 16:22:07,lan/sala1/sensor/temp,26.61
2025-11-18 16:22:07,lan/sala1/sensor/hum,44.24
2025-11-18 16:22:07,lan/sala2/sensor/temp,16.64
2025-11-18 16:22:09,lan/sala1/sensor/temp,27.29
2025-11-18 16:22:09,lan/sala1/sensor/hum,66.28
2025-11-18 16:22:09,lan/sala2/sensor/temp,16.99
2025-11-18 16:22:11,lan/sala1/sensor/temp,22.89
2025-11-18 16:22:11,lan/sala1/sensor/hum,46.16
2025-11-18 16:22:11,lan/sala2/sensor/temp,22.04
2025-11-18 16:22:13,lan/sala1/sensor/hum,61.89
2025-11-18 16:22:13,lan/sala1/sensor/temp,28.04
2025-11-18 16:22:13,lan/sala2/sensor/temp,16.95
2025-11-18 16:22:15,lan/sala1/sensor/temp,26.21
2025-11-18 16:22:15,lan/sala1/sensor/hum,45.66
2025-11-18 16:22:15,lan/sala2/sensor/temp,15.91
2025-11-18 16:22:17,lan/sala1/sensor/hum,44.75
2025-11-18 16:22:17,lan/sala1/sensor/temp,24.95
2025-11-18 16:22:17,lan/sala2/sensor/temp,18.39
2025-11-18 16:22:19,lan/sala1/sensor/hum,65.55
2025-11-18 16:22:19,lan/sala1/sensor/temp,25.4
2025-11-18 16:22:19,lan/sala2/sensor/temp,20.67
2025-11-18 16:22:21,lan/sala1/sensor/temp,24.66
2025-11-18 16:22:21,lan/sala1/sensor/hum,62.31
2025-11-18 16:22:21,lan/sala2/sensor/temp,20.26
2025-11-18 16:22:23,lan/sala1/sensor/temp,25.46
2025-11-18 16:22:23,lan/sala1/sensor/hum,66.08
2025-11-18 16:22:23,lan/sala2/sensor/temp,22.64
timestamp,topic,valor
2025-11-18 16:23:51,lan/sala1/sensor/temp,24.08
2025-11-18 16:23:51,lan/sala1/sensor/hum,62.68
2025-11-18 16:23:52,lan/sala2/sensor/temp,19.58
2025-11-18 16:23:53,lan/sala1/sensor/temp,20.43
2025-11-18 16:23:53,lan/sala1/sensor/hum,62.46
2025-11-18 16:23:54,lan/sala2/sensor/temp,16.72
2025-11-18 16:23:55,lan/sala1/sensor/temp,21.43
2025-11-18 16:23:55,lan/sala1/sensor/hum,57.41
2025-11-18 16:23:56,lan/sala2/sensor/temp,15.51
2025-11-18 16:23:57,lan/sala1/sensor/temp,25.76
2025-11-18 16:23:57,lan/sala1/sensor/hum,44.07
2025-11-18 16:23:58,lan/sala2/sensor/temp,17.61
2025-11-18 16:23:59,lan/sala1/sensor/temp,20.6
2025-11-18 16:23:59,lan/sala1/sensor/hum,41.92
2025-11-18 16:24:00,lan/sala2/sensor/temp,16.82
2025-11-18 16:24:01,lan/sala1/sensor/temp,21.8
2025-11-18 16:24:01,lan/sala1/sensor/hum,42.15
2025-11-18 16:24:02,lan/sala2/sensor/temp,19.5
2025-11-18 16:24:03,lan/sala1/sensor/temp,20.92
2025-11-18 16:24:03,lan/sala1/sensor/hum,46.16
2025-11-18 16:24:04,lan/sala2/sensor/temp,18.56
2025-11-18 16:24:05,lan/sala1/sensor/temp,27.05
2025-11-18 16:24:05,lan/sala1/sensor/hum,45.0
2025-11-18 16:24:06,lan/sala2/sensor/temp,16.29
2025-11-18 16:24:07,lan/sala1/sensor/temp,22.1
2025-11-18 16:24:07,lan/sala1/sensor/hum,45.35
2025-11-18 16:24:08,lan/sala2/sensor/temp,20.72
2025-11-18 16:24:09,lan/sala1/sensor/temp,27.17
2025-11-18 16:24:09,lan/sala1/sensor/hum,54.35
2025-11-18 16:24:10,lan/sala2/sensor/temp,19.28
2025-11-18 16:24:11,lan/sala1/sensor/temp,22.36
2025-11-18 16:24:11,lan/sala1/sensor/hum,59.44
2025-11-18 16:24:12,lan/sala2/sensor/temp,23.66
2025-11-18 16:32:27,lan/sala2/sensor/temp,17.22
2025-11-18 16:32:27,lan/sala1/sensor/temp,29.75
2025-11-18 16:32:28,lan/sala1/sensor/hum,61.35
2025-11-18 16:32:29,lan/sala2/sensor/temp,21.81
2025-11-18 16:32:29,lan/sala1/sensor/temp,26.24
2025-11-18 16:32:30,lan/sala1/sensor/hum,46.71
2025-11-18 16:32:31,lan/sala2/sensor/temp,17.75
2025-11-18 16:32:31,lan/sala1/sensor/temp,26.65
2025-11-18 16:32:32,lan/sala1/sensor/hum,40.51
2025-11-18 16:32:33,lan/sala2/sensor/temp,15.61
2025-11-18 16:32:33,lan/sala1/sensor/temp,25.36
2025-11-18 16:32:34,lan/sala1/sensor/hum,48.44
2025-11-18 16:32:35,lan/sala2/sensor/temp,21.94
2025-11-18 16:32:35,lan/sala1/sensor/temp,26.14
2025-11-18 16:32:36,lan/sala1/sensor/hum,45.3
2025-11-18 16:32:37,lan/sala2/sensor/temp,21.07
2025-11-18 16:32:37,lan/sala1/sensor/temp,22.63
2025-11-18 16:32:38,lan/sala1/sensor/hum,67.49
2025-11-18 16:32:39,lan/sala2/sensor/temp,24.78
2025-11-18 16:32:39,lan/sala1/sensor/temp,27.09
2025-11-18 16:32:40,lan/sala1/sensor/hum,47.41
2025-11-18 16:32:41,lan/sala2/sensor/temp,17.94
2025-11-18 16:32:41,lan/sala1/sensor/temp,23.71
2025-11-18 16:32:42,lan/sala1/sensor/hum,54.03
2025-11-18 16:32:43,lan/sala2/sensor/temp,17.15
2025-11-18 16:32:43,lan/sala1/sensor/temp,29.61
2025-11-18 16:32:44,lan/sala1/sensor/hum,63.9
2025-11-18 16:32:45,lan/sala2/sensor/temp,18.84
2025-11-18 16:32:45,lan/sala1/sensor/temp,23.94
2025-11-18 16:32:46,lan/sala1/sensor/hum,41.6
2025-11-18 16:32:47,lan/sala2/sensor/temp,22.77
2025-11-18 16:32:47,lan/sala1/sensor/temp,21.25
2025-11-18 16:32:48,lan/sala1/sensor/hum,62.91
2025-11-18 16:32:49,lan/sala2/sensor/temp,18.74
2025-11-18 16:32:49,lan/sala1/sensor/temp,21.07
2025-11-18 16:32:50,lan/sala1/sensor/hum,66.65
2025-11-18 16:32:51,lan/sala2/sensor/temp,16.37
2025-11-18 16:32:51,lan/sala1/sensor/temp,28.31
2025-11-18 16:32:52,lan/sala1/sensor/hum,67.14
2025-11-18 16:32:53,lan/sala2/sensor/temp,16.14
2025-11-18 16:32:53,lan/sala1/sensor/temp,29.3
2025-11-18 16:32:54,lan/sala1/sensor/hum,65.82
2025-11-18 16:32:55,lan/sala2/sensor/temp,19.61
2025-11-18 16:32:55,lan/sala1/sensor/temp,28.52
2025-11-18 16:32:56,lan/sala1/sensor/hum,68.58
2025-11-18 16:32:57,lan/sala2/sensor/temp,22.8
2025-11-18 16:32:57,lan/sala1/sensor/temp,29.34
2025-11-18 16:32:58,lan/sala1/sensor/hum,64.54
2025-11-18 16:32:59,lan/sala2/sensor/temp,22.15
2025-11-18 16:32:59,lan/sala1/sensor/temp,26.11
2025-11-18 16:33:00,lan/sala1/sensor/hum,50.92
2025-11-18 16:33:01,lan/sala2/sensor/temp,19.51
2025-11-18 16:33:01,lan/sala1/sensor/temp,25.83
2025-11-18 16:33:02,lan/sala1/sensor/hum,58.75
2025-11-18 16:33:03,lan/sala2/sensor/temp,15.32
2025-11-18 16:33:03,lan/sala1/sensor/temp,28.39
2025-11-18 16:33:04,lan/sala1/sensor/hum,47.72
2025-11-18 16:33:05,lan/sala2/sensor/temp,21.92
2025-11-18 16:33:05,lan/sala1/sensor/temp,26.75
2025-11-18 16:33:06,lan/sala1/sensor/hum,57.83
2025-11-18 16:33:07,lan/sala2/sensor/temp,15.15
2025-11-18 16:33:07,lan/sala1/sensor/temp,28.86
2025-11-18 16:33:08,lan/sala1/sensor/hum,62.91
2025-11-18 16:33:09,lan/sala2/sensor/temp,17.64
2025-11-18 16:33:09,lan/sala1/sensor/temp,29.29
2025-11-18 16:33:10,lan/sala1/sensor/hum,54.61
2025-11-18 16:33:11,lan/sala2/sensor/temp,18.5
2025-11-18 16:33:11,lan/sala1/sensor/temp,22.93
2025-11-18 16:33:12,lan/sala1/sensor/hum,41.25
2025-11-18 16:33:13,lan/sala2/sensor/temp,20.13
2025-11-18 16:33:13,lan/sala1/sensor/temp,29.21
2025-11-18 16:33:14,lan/sala1/sensor/hum,43.12
2025-11-18 16:33:15,lan/sala2/sensor/temp,17.79
2025-11-18 16:33:15,lan/sala1/sensor/temp,26.5
2025-11-18 16:33:16,lan/sala1/sensor/hum,51.44
2025-11-18 16:33:17,lan/sala2/sensor/temp,15.33
2025-11-18 16:33:17,lan/sala1/sensor/temp,26.35
2025-11-18 16:33:18,lan/sala1/sensor/hum,42.52
2025-11-18 16:33:19,lan/sala2/sensor/temp,18.99
2025-11-18 16:33:19,lan/sala1/sensor/temp,27.01
2025-11-18 16:33:20,lan/sala1/sensor/hum,54.78
2025-11-18 16:33:21,lan/sala2/sensor/temp,21.88
2025-11-18 16:33:21,lan/sala1/sensor/temp,29.31
2025-11-18 16:33:22,lan/sala1/sensor/hum,47.77
2025-11-18 16:33:23,lan/sala2/sensor/temp,22.8
2025-11-18 16:33:23,lan/sala1/sensor/temp,26.78
2025-11-18 16:33:24,lan/sala1/sensor/hum,53.81
2025-11-18 16:33:25,lan/sala2/sensor/temp,16.79
2025-11-18 16:33:25,lan/sala1/sensor/temp,26.27
2025-11-18 16:33:26,lan/sala1/sensor/hum,68.42
2025-11-18 16:33:27,lan/sala2/sensor/temp,22.83
2025-11-18 16:33:27,lan/sala1/sensor/temp,25.39
2025-11-18 16:33:28,lan/sala1/sensor/hum,52.24
2025-11-18 16:33:29,lan/sala2/sensor/temp,15.8
2025-11-18 16:33:29,lan/sala1/sensor/temp,20.93
2025-11-18 16:33:30,lan/sala1/sensor/hum,68.58
2025-11-18 16:33:31,lan/sala2/sensor/temp,22.71
2025-11-18 16:33:31,lan/sala1/sensor/temp,25.86
2025-11-18 16:33:32,lan/sala1/sensor/hum,52.08
2025-11-18 16:33:33,lan/sala2/sensor/temp,24.13
2025-11-18 16:33:33,lan/sala1/sensor/temp,25.07
2025-11-18 16:33:34,lan/sala1/sensor/hum,47.63
2025-11-18 16:33:35,lan/sala2/sensor/temp,18.47
2025-11-18 16:33:35,lan/sala1/sensor/temp,23.51
2025-11-18 16:33:36,lan/sala1/sensor/hum,59.38
2025-11-18 16:33:37,lan/sala2/sensor/temp,16.8
2025-11-18 16:33:37,lan/sala1/sensor/temp,27.74
2025-11-18 16:33:38,lan/sala1/sensor/hum,69.83
2025-11-18 16:33:39,lan/sala2/sensor/temp,15.06
2025-11-18 16:33:39,lan/sala1/sensor/temp,24.63
2025-11-18 16:33:40,lan/sala1/sensor/hum,53.48
2025-11-18 16:33:41,lan/sala2/sensor/temp,18.06
2025-11-18 16:33:41,lan/sala1/sensor/temp,24.95
2025-11-18 16:33:42,lan/sala1/sensor/hum,61.92
2025-11-18 16:33:43,lan/sala2/sensor/temp,18.21
2025-11-18 16:33:43,lan/sala1/sensor/temp,26.47
2025-11-18 16:33:44,lan/sala1/sensor/hum,60.75
2025-11-18 16:33:45,lan/sala2/sensor/temp,22.73
2025-11-18 16:33:45,lan/sala1/sensor/temp,27.88
2025-11-18 16:33:46,lan/sala1/sensor/hum,60.25
2025-11-18 16:33:47,lan/sala2/sensor/temp,17.18
2025-11-18 16:33:47,lan/sala1/sensor/temp,22.4
2025-11-18 16:33:48,lan/sala1/sensor/hum,65.64
2025-11-18 16:33:49,lan/sala2/sensor/temp,15.5
2025-11-18 16:33:49,lan/sala1/sensor/temp,20.23
2025-11-18 16:33:50,lan/sala1/sensor/hum,42.25
2025-11-18 16:33:51,lan/sala2/sensor/temp,20.83
2025-11-18 16:33:51,lan/sala1/sensor/temp,20.51
2025-11-18 16:33:52,lan/sala1/sensor/hum,55.27
2025-11-18 16:33:53,lan/sala2/sensor/temp,19.26
2025-11-18 16:33:53,lan/sala1/sensor/temp,26.57
2025-11-18 16:33:54,lan/sala1/sensor/hum,53.62
2025-11-18 16:33:55,lan/sala2/sensor/temp,20.95
2025-11-18 16:33:55,lan/sala1/sensor/temp,22.86
2025-11-18 16:33:56,lan/sala1/sensor/hum,48.4
2025-11-18 16:33:57,lan/sala2/sensor/temp,23.99
2025-11-18 16:33:57,lan/sala1/sensor/temp,26.7
2025-11-18 16:33:58,lan/sala1/sensor/hum,48.97
2025-11-18 16:33:59,lan/sala2/sensor/temp,22.35
2025-11-18 16:33:59,lan/sala1/sensor/temp,25.24
2025-11-18 16:34:00,lan/sala1/sensor/hum,51.31
2025-11-18 16:34:01,lan/sala2/sensor/temp,21.32
2025-11-18 16:34:01,lan/sala1/sensor/temp,29.13
2025-11-18 16:34:02,lan/sala1/sensor/hum,64.68
2025-11-18 16:34:03,lan/sala2/sensor/temp,24.87
2025-11-18 16:34:03,lan/sala1/sensor/temp,25.93
2025-11-18 16:34:04,lan/sala1/sensor/hum,48.93
2025-11-18 16:34:05,lan/sala2/sensor/temp,18.05
2025-11-18 16:34:05,lan/sala1/sensor/temp,20.8
2025-11-18 16:34:06,lan/sala1/sensor/hum,54.92
2025-11-18 16:34:07,lan/sala2/sensor/temp,24.03
2025-11-18 16:34:07,lan/sala1/sensor/temp,26.61
2025-11-18 16:34:08,lan/sala1/sensor/hum,58.52
2025-11-18 16:34:09,lan/sala2/sensor/temp,16.58
2025-11-18 16:34:09,lan/sala1/sensor/temp,22.37
2025-11-18 16:34:10,lan/sala1/sensor/hum,67.82
2025-11-18 16:34:11,lan/sala2/sensor/temp,16.74
2025-11-18 16:34:11,lan/sala1/sensor/temp,22.6
2025-11-18 16:34:12,lan/sala1/sensor/hum,69.41
2025-11-18 16:34:13,lan/sala2/sensor/temp,15.04
2025-11-18 16:34:13,lan/sala1/sensor/temp,25.22
2025-11-18 16:34:14,lan/sala1/sensor/hum,54.27
2025-11-18 16:34:15,lan/sala2/sensor/temp,24.86
2025-11-18 16:34:16,lan/sala1/sensor/temp,20.6
2025-11-18 16:34:16,lan/sala1/sensor/hum,44.32
2025-11-18 16:34:17,lan/sala2/sensor/temp,23.63
2025-11-18 16:34:17,lan/sala1/sensor/temp,23.54
2025-11-18 16:34:18,lan/sala1/sensor/hum,52.99
2025-11-18 16:34:19,lan/sala2/sensor/temp,22.44
2025-11-18 16:34:19,lan/sala1/sensor/temp,26.46
2025-11-18 16:34:20,lan/sala1/sensor/hum,69.41
2025-11-18 16:34:21,lan/sala2/sensor/temp,22.61
2025-11-18 16:34:21,lan/sala1/sensor/temp,26.87
2025-11-18 16:34:22,lan/sala1/sensor/hum,50.12
2025-11-18 16:35:58,lan/sala1/sensor/hum,55.21
2025-11-18 16:36:00,lan/sala2/sensor/temp,21.38
2025-11-18 16:36:00,lan/sala1/sensor/temp,21.41
2025-11-18 16:36:00,lan/sala1/sensor/hum,41.67
2025-11-18 16:36:02,lan/sala2/sensor/temp,15.64
2025-11-18 16:36:02,lan/sala1/sensor/temp,28.41
2025-11-18 16:36:02,lan/sala1/sensor/hum,68.84
2025-11-18 16:36:04,lan/sala2/sensor/temp,22.11
2025-11-18 16:36:04,lan/sala1/sensor/temp,25.97
2025-11-18 16:36:04,lan/sala1/sensor/hum,61.48
2025-11-18 16:36:06,lan/sala2/sensor/temp,21.22
2025-11-18 16:36:06,lan/sala1/sensor/temp,23.32
2025-11-18 16:36:06,lan/sala1/sensor/hum,51.72
2025-11-18 16:36:08,lan/sala2/sensor/temp,20.87
2025-11-18 16:36:08,lan/sala1/sensor/temp,22.53
2025-11-18 16:36:08,lan/sala1/sensor/hum,54.69
2025-11-18 16:36:10,lan/sala2/sensor/temp,17.87
2025-11-18 16:36:10,lan/sala1/sensor/temp,25.32
2025-11-18 16:38:07,lan/sala1/sensor/hum,44.1
2025-11-18 16:38:08,lan/sala2/sensor/temp,20.38
2025-11-18 16:38:08,lan/sala1/sensor/temp,26.84
2025-11-18 16:38:09,lan/sala1/sensor/hum,68.73
2025-11-18 16:38:10,lan/sala2/sensor/temp,15.02
2025-11-18 16:38:10,lan/sala1/sensor/temp,21.07
2025-11-18 16:38:11,lan/sala1/sensor/hum,46.71
2025-11-18 16:38:12,lan/sala2/sensor/temp,24.92
2025-11-18 16:38:12,lan/sala1/sensor/temp,27.97
2025-11-18 16:38:13,lan/sala1/sensor/hum,61.39
2025-11-18 16:38:14,lan/sala2/sensor/temp,21.97
2025-11-18 16:38:14,lan/sala1/sensor/temp,24.76
2025-11-18 16:38:15,lan/sala1/sensor/hum,68.82
2025-11-18 16:38:16,lan/sala2/sensor/temp,17.73
2025-11-18 16:38:16,lan/sala1/sensor/temp,26.11
2025-11-18 16:38:17,lan/sala1/sensor/hum,48.73
2025-11-18 16:38:18,lan/sala2/sensor/temp,21.51
2025-11-18 16:38:18,lan/sala1/sensor/temp,22.5
2025-11-18 16:38:19,lan/sala1/sensor/hum,52.05
2025-11-18 16:38:20,lan/sala2/sensor/temp,16.59
2025-11-18 16:38:20,lan/sala1/sensor/temp,24.83
2025-11-18 16:38:21,lan/sala1/sensor/hum,40.28
2025-11-18 16:38:22,lan/sala2/sensor/temp,16.86
2025-11-18 16:38:22,lan/sala1/sensor/temp,28.26
2025-11-18 16:38:23,lan/sala1/sensor/hum,67.55
2025-11-18 16:38:24,lan/sala2/sensor/temp,24.91
2025-11-18 16:38:24,lan/sala1/sensor/temp,22.31
2025-11-18 16:38:25,lan/sala1/sensor/hum,43.26
2025-11-18 16:38:26,lan/sala2/sensor/temp,21.77
2025-11-18 16:38:26,lan/sala1/sensor/temp,24.78
2025-11-18 16:38:27,lan/sala1/sensor/hum,60.74
2025-11-18 16:38:28,lan/sala2/sensor/temp,16.69
2025-11-18 16:38:28,lan/sala1/sensor/temp,23.84
2025-11-18 16:38:29,lan/sala1/sensor/hum,41.04
2025-11-18 16:38:30,lan/sala2/sensor/temp,18.81
2025-11-18 16:38:30,lan/sala1/sensor/temp,25.98
2025-11-18 16:38:31,lan/sala1/sensor/hum,56.49
2025-11-18 16:38:32,lan/sala2/sensor/temp,24.33
2025-11-18 16:38:32,lan/sala1/sensor/temp,29.6
2025-11-18 16:38:33,lan/sala1/sensor/hum,41.7
2025-11-18 16:38:34,lan/sala2/sensor/temp,17.86
2025-11-18 16:38:34,lan/sala1/sensor/temp,26.24
2025-11-18 16:38:35,lan/sala1/sensor/hum,63.47
2025-11-18 16:38:36,lan/sala2/sensor/temp,17.09
2025-11-18 16:38:36,lan/sala1/sensor/temp,22.79
2025-11-18 16:38:37,lan/sala1/sensor/hum,49.94
2025-11-18 16:38:38,lan/sala2/sensor/temp,19.7
2025-11-18 16:38:38,lan/sala1/sensor/temp,21.93
2025-11-18 16:38:39,lan/sala1/sensor/hum,54.3
2025-11-18 16:38:40,lan/sala2/sensor/temp,17.52
2025-11-18 16:38:40,lan/sala1/sensor/temp,25.33
2025-11-18 16:38:41,lan/sala1/sensor/hum,52.34
2025-11-18 16:38:42,lan/sala2/sensor/temp,19.73
2025-11-18 16:38:42,lan/sala1/sensor/temp,25.35
2025-11-18 16:38:43,lan/sala1/sensor/hum,68.67
2025-11-18 16:38:44,lan/sala2/sensor/temp,24.53
2025-11-18 16:38:44,lan/sala1/sensor/temp,24.18
2025-11-18 16:38:45,lan/sala1/sensor/hum,61.76
2025-11-18 16:38:46,lan/sala2/sensor/temp,21.18
2025-11-18 16:38:46,lan/sala1/sensor/temp,29.48
2025-11-18 16:38:47,lan/sala1/sensor/hum,46.69
2025-11-18 16:38:48,lan/sala2/sensor/temp,24.5
2025-11-18 16:38:48,lan/sala1/sensor/temp,24.3
2025-11-18 16:38:49,lan/sala1/sensor/hum,44.34
2025-11-18 16:38:50,lan/sala2/sensor/temp,22.05
2025-11-18 16:38:50,lan/sala1/sensor/temp,26.92
2025-11-18 16:38:51,lan/sala1/sensor/hum,43.83
2025-11-18 16:38:52,lan/sala2/sensor/temp,19.93
2025-11-18 16:38:52,lan/sala1/sensor/temp,29.37
2025-11-18 16:38:53,lan/sala1/sensor/hum,53.95
2025-11-18 16:38:54,lan/sala2/sensor/temp,18.64
2025-11-18 16:38:54,lan/sala1/sensor/temp,21.05
2025-11-18 16:38:55,lan/sala1/sensor/hum,57.73
2025-11-18 16:38:56,lan/sala2/sensor/temp,24.09
2025-11-18 16:38:56,lan/sala1/sensor/temp,29.01
2025-11-18 16:38:57,lan/sala1/sensor/hum,58.77
2025-11-18 16:38:58,lan/sala2/sensor/temp,16.3
2025-11-18 16:38:58,lan/sala1/sensor/temp,29.65
2025-11-18 16:38:59,lan/sala1/sensor/hum,65.9
2025-11-18 16:39:00,lan/sala2/sensor/temp,18.99
2025-11-18 16:39:00,lan/sala1/sensor/temp,28.29
2025-11-18 16:39:01,lan/sala1/sensor/hum,50.06
